Datasheet,Image,DK Part #,Mfr Part #,Mfr,Supplier,Description,Stock,Price,@ qty,Min Qty, Package,Series,Product Status,"Type","Function","Motor Type","Voltage - Rated","RPM","Torque - Rated (oz-in / mNm)","Power - Rated","Encoder Type","Size / Dimension","Diameter - Shaft","Length - Shaft and Bearing","Mounting Hole Spacing","Termination Style","Features","Gear Reduction Ratio","Torque - Max Momentary (oz-in / mNm)","Operating Temperature","URL"
"https://www.vybronics.com/coin-vibration-motors/lra/v-g0832013d","//mm.digikey.com/Volume0/opasdata/d220001/medias/images/3763/MFG_VG0832013D.jpg","1670-VG0832013D-ND","VG0832013D","Vybronics Inc","Vybronics, Inc","VIBRATION LRA MOTOR 235HZ 1G","2,496","4.94","0","1","Tray","-","Active","AC Motor","Vibration, LRA (Haptic)","-","1.8VAC","-","-","-","-","Round - 0.315"" Dia (8.00mm)","-","-","-","Wire Leads","-","-","-","-20°C ~ 70°C","https://www.digikey.ca/en/products/detail/vybronics-inc/VG0832013D/9974290"
"https://www.vybronics.com/coin-vibration-motors/lra/v-g0832012","//mm.digikey.com/Volume0/opasdata/d220001/medias/images/3804/MFG_VG0832012.jpg","1670-VG0832012-ND","VG0832012","Vybronics Inc","Vybronics, Inc","VIBRATION LRA MOTOR 235HZ 1G","2,258","4.64","0","1","Tray","-","Active","AC Motor","Vibration, LRA (Haptic)","-","1.8VAC","-","-","-","-","Round - 0.315"" Dia (8.00mm)","-","-","-","Wire Leads","-","-","-","-20°C ~ 60°C","https://www.digikey.ca/en/products/detail/vybronics-inc/VG0832012/7364317"
"https://www.vybronics.com/linear-lra-vibration-motors/v-l120628h","//mm.digikey.com/Volume0/opasdata/d220001/medias/images/4727/MFG_L120628H.jpg","1670-VL120628H-ND","VL120628H","Vybronics Inc","Vybronics, Inc","VIBRATION LRA MTR 200HZ 1.8G","501","5.01","0","1","Tray","-","Active","AC Motor","Vibration, LRA (Haptic)","-","2VAC","-","-","-","-","Rectangular - 0.236"" x 0.110"" (6.00mm ~ 2.80mm)","-","-","-","Wire Leads","-","-","-","-20°C ~ 60°C","https://www.digikey.ca/en/products/detail/vybronics-inc/VL120628H/15220801"
"https://www.vybronics.com/coin-vibration-motors/lra/v-g0640001d","//mm.digikey.com/Volume0/opasdata/d220001/medias/images/3568/MFG_VG0640001D.jpg","1670-VG0640001D-ND","VG0640001D","Vybronics Inc","Vybronics, Inc","VIBRATION LRA MOTOR 210HZ 0.9G","1,039","6.78","0","1","Tray","-","Active","AC Motor","Vibration, LRA (Haptic)","-","1.8VAC","-","-","-","-","Round - 0.236"" Dia (6.00mm)","-","-","-","Solder Tab","-","-","-","-15°C ~ 55°C","https://www.digikey.ca/en/products/detail/vybronics-inc/VG0640001D/15220805"
"https://www.vybronics.com/coin-vibration-motors/lra/v-g1040003d","//mm.digikey.com/Volume0/opasdata/d220001/medias/images/333/MFG_G1040003D.jpg","1670-VG1040003D-ND","VG1040003D","Vybronics Inc","Vybronics, Inc","VIBRATION LRA MOTOR 170HZ 2G","14,433","9.29","0","1","Tray","-","Active","AC Motor","Vibration, LRA (Haptic)","-","2.5VAC","-","-","-","-","Round - 0.394"" Dia (10.00mm)","-","-","-","Pressure Contact","-","-","-","-25°C ~ 70°C","https://www.digikey.ca/en/products/detail/vybronics-inc/VG1040003D/10285886"
"https://www.vybronics.com/linear-lra-vibration-motors/v-lv101040a","//mm.digikey.com/Volume0/opasdata/d220001/medias/images/4590/MFG_VLV101040A.jpg","1670-VLV101040A-ND","VLV101040A","Vybronics Inc","Vybronics, Inc","VIBRATION LRA 170HZ 2.75G","1,204","10.58","0","1","Tray","-","Active","AC Motor","Vibration, LRA (Haptic)","-","2.5VAC","-","-","-","-","Square - 0.394"" x 0.394"" (10.00mm x 10.00mm)","-","-","-","Pressure Contact","-","-","-","-25°C ~ 70°C","https://www.digikey.ca/en/products/detail/vybronics-inc/VLV101040A/12323590"
"https://www.vybronics.com/wp-content/uploads/datasheet-files/Vybronics-VG1030001XH-datasheet.pdf","//mm.digikey.com/Volume0/opasdata/d220001/medias/images/6347/MFG_VG1030001XH.jpg","1670-VG1030001XH-ND","VG1030001XH","Vybronics Inc","Vybronics, Inc","VIBRATION LRA MOTOR 210HZ 1.5G","1,540","4.56","0","1","Tray","VG","Active","DC Motor","Vibration, LRA (Haptic)","-","2VAC","-","2.1 / 14.7","-","-","Round - 0.394"" Dia (10.00mm)","-","-","-","Wire Leads","-","-","-","-25°C ~ 70°C","https://www.digikey.ca/en/products/detail/vybronics-inc/VG1030001XH/24629404"
"https://www.vybronics.com/coin-vibration-motors/lra/v-g0832022d","//mm.digikey.com/Volume0/opasdata/d220001/medias/images/3753/MFG_VG0832022D.jpg","1670-VG0832022D-ND","VG0832022D","Vybronics Inc","Vybronics, Inc","VIBRATION LRA MOTOR 235HZ 1G","2,040","4.64","0","1","Tray","-","Active","AC Motor","Vibration, LRA (Haptic)","-","1.8VAC","-","-","-","-","Round - 0.315"" Dia (8.00mm)","-","-","-","Wire Leads","-","-","-","-20°C ~ 70°C","https://www.digikey.ca/en/products/detail/vybronics-inc/VG0832022D/9974288"
"https://www.vybronics.com/coin-vibration-motors/lra/v-g0832014l","//mm.digikey.com/Volume0/opasdata/d220001/medias/images/3663/MFG_VG0832014L.jpg","1670-VG0832014L-ND","VG0832014L","Vybronics Inc","Vybronics, Inc","VIBRATION LRA MOTOR 235HZ 1G","1,540","5.16","0","1","Tray","VG","Active","AC Motor","Vibration, LRA (Haptic)","-","1.8VAC","-","-","-","-","Round - 0.315"" Dia (8.00mm)","-","-","-","Solder Tab","-","-","-","-20°C ~ 60°C","https://www.digikey.ca/en/products/detail/vybronics-inc/VG0832014L/16376022"
"https://www.vybronics.com/coin-vibration-motors/lra/v-g0832009l","//mm.digikey.com/Volume0/opasdata/d220001/medias/images/3766/MFG_VG0832009L.jpg","1670-VG0832009L-ND","VG0832009L","Vybronics Inc","Vybronics, Inc","VIBRATION LRA MOTOR 235HZ 1G","1,365","5.16","0","1","Tray","VG","Active","AC Motor","Vibration, LRA (Haptic)","-","1.8VAC","-","-","-","-","Round - 0.315"" Dia (8.00mm)","-","-","-","Pressure Contact","-","-","-","-20°C ~ 60°C","https://www.digikey.ca/en/products/detail/vybronics-inc/VG0832009L/16376023"
"https://www.vybronics.com/coin-vibration-motors/lra/v-g0832008","//mm.digikey.com/Volume0/opasdata/d220001/medias/images/2364/MFG_G0832008.jpg","1670-VG0832008-ND","VG0832008","Vybronics Inc","Vybronics, Inc","VIBRATION LRA MOTOR 235HZ 1G","197","5.25","0","1","Tray","-","Active","AC Motor","Vibration, LRA (Haptic)","-","1.8VAC","-","-","-","-","Round - 0.315"" Dia (8.00mm)","-","-","-","Solder Tab","-","-","-","-20°C ~ 60°C","https://www.digikey.ca/en/products/detail/vybronics-inc/VG0832008/6817059"
"https://www.vybronics.com/linear-lra-vibration-motors/v-lv041235l-fp421","//mm.digikey.com/Volume0/opasdata/d220001/medias/images/7151/MFG_VLV041235L-FP421.jpg","1670-VLV041235L-FP421-ND","VLV041235L-FP421","Vybronics Inc","Vybronics, Inc","VIBRATION LRA MTR 240 HZ 1.6G","913","5.56","0","1","Tray","-","Active","AC Motor","Vibration, LRA (Haptic)","-","1.8VAC","-","-","-","-","Rectangular - 0.157"" x 0.138"" (4.00mm x 3.50mm)","-","-","-","Solder Tab","-","-","-","-20°C ~ 60°C","https://www.digikey.ca/en/products/detail/vybronics-inc/VLV041235L-FP421/26813186"
"https://www.vybronics.com/coin-vibration-motors/lra/v-g0832043j","//mm.digikey.com/Volume0/opasdata/d220001/medias/images/8054/MFG_VG0832043J.jpg","1670-VG0832043J-ND","VG0832043J","Vybronics Inc","Vybronics, Inc","VIBRATION LRA MTR 205 HZ 1.0G","830","5.56","0","1","Tray","-","Active","AC Motor","Vibration, LRA (Haptic)","-","1.8VAC","-","-","-","-","Round - 0.315"" Dia (8.00mm)","-","-","-","Pressure Contact","-","-","-","-25°C ~ 70°C","https://www.digikey.ca/en/products/detail/vybronics-inc/VG0832043J/26813187"
"https://www.vybronics.com/linear-lra-vibration-motors/v-lv041235l","//mm.digikey.com/Volume0/opasdata/d220001/medias/images/428/MFG_VLV041235L.jpg","1670-VLV041235L-ND","VLV041235L","Vybronics Inc","Vybronics, Inc","VIBRATION LRA MOTOR 240HZ 1.6G","748","5.56","0","1","Tray","-","Active","AC Motor","Vibration, LRA (Haptic)","-","1.8VAC","-","-","-","-","Rectangular - 0.157"" x 0.472"" (4.00mm x 12.00mm)","-","-","-","Solder Tab","-","-","-","-20°C ~ 60°C","https://www.digikey.ca/en/products/detail/vybronics-inc/VLV041235L/12323578"
"https://www.vybronics.com/linear-lra-vibration-motors/v-lv041235l-l20","//mm.digikey.com/Volume0/opasdata/d220001/medias/images/5792/MFG_VLV041235L-L20.jpg","1670-VLV041235L-L20-ND","VLV041235L-L20","Vybronics Inc","Vybronics, Inc","VIBRATION LRA MOTOR 240HZ 1.6G","347","5.56","0","1","Tray","-","Active","AC Motor","Vibration, LRA (Haptic)","-","1.8VAC","-","0.022 / 0.157","-","-","Rectangular - 0.157"" x 0.138"" (4.00mm x 3.50mm)","-","-","-","Wire Leads","-","-","-","-20°C ~ 60°C","https://www.digikey.ca/en/products/detail/vybronics-inc/VLV041235L-L20/21800110"
"https://www.vybronics.com/coin-vibration-motors/lra/v-g0840001d","//mm.digikey.com/Volume0/opasdata/d220001/medias/images/3756/MFG_VG0840001D.jpg","1670-VG0840001D-ND","VG0840001D","Vybronics Inc","Vybronics, Inc","VIBRATION LRA MOTOR 170HZ 1G","769","7.36","0","1","Tray","-","Active","AC Motor","Vibration, LRA (Haptic)","-","2VAC","-","-","-","-","Round - 0.315"" Dia (8.00mm)","-","-","-","Solder Tab","-","-","-","-15°C ~ 55°C","https://www.digikey.ca/en/products/detail/vybronics-inc/VG0840001D/15220809"
"https://www.vybronics.com/linear-lra-vibration-motors/v-lv152564w-80h","//mm.digikey.com/Volume0/opasdata/d220001/medias/images/7151/MFG_VLV152564W-80H.jpg","1670-VLV152564W-80H-ND","VLV152564W-80H","Vybronics Inc","Vybronics, Inc","VIBRATION LRA MTR 80 HZ 1.0G","409","8.25","0","1","Tray","-","Active","AC Motor","Vibration, LRA (Haptic)","-","1.4VAC","-","-","-","-","Rectangular - 0.976"" x 0.575"" (24.80mm x 14.60mm)","-","-","-","Solder Tab","-","-","-","-20°C ~ 70°C","https://www.digikey.ca/en/products/detail/vybronics-inc/VLV152564W-80H/26813185"
"https://www.vybronics.com/linear-lra-vibration-motors/v-l91022-160-320h","//mm.digikey.com/Volume0/opasdata/d220001/medias/images/2729/MFG_L91022-160-320H.jpg","1670-VL91022-160-320H-ND","VL91022-160-320H","Vybronics Inc","Vybronics, Inc","VIBRATION LRA MOTOR 160/320HZ 3G","120","9.19","0","1","Tray","-","Active","AC Motor","Vibration, LRA (Haptic)","-","1.5VAC","-","-","-","-","Rectangular - 0.394"" x 0.354"" (10.00mm ~ 9.00mm)","-","-","-","Solder Tab","-","-","-","-20°C ~ 60°C","https://www.digikey.ca/en/products/detail/vybronics-inc/VL91022-160-320H/15220807"
"https://www.vybronics.com/linear-lra-vibration-motors/v-lv281813-65h","//mm.digikey.com/Volume0/opasdata/d220001/medias/images/7151/MFG_VLV281813-65H.jpg","1670-VLV281813-65H-ND","VLV281813-65H","Vybronics Inc","Vybronics, Inc","VIBRATION LRA MTR 65 HZ 4.8G","256","9.23","0","1","Tray","-","Active","AC Motor","Vibration, LRA (Haptic)","-","2VAC","-","-","-","-","Rectangular - 1.102"" x 0.709"" (28.00mm x 18.00mm)","-","-","-","Solder Tab","-","-","-","-30°C ~ 70°C","https://www.digikey.ca/en/products/detail/vybronics-inc/VLV281813-65H/26813189"
"https://www.vybronics.com/wp-content/uploads/datasheet-files/Vybronics-VG2080001-175H-datasheet.pdf","//mm.digikey.com/Volume0/opasdata/d220001/medias/images/6347/MFG_VG2080001-175H.jpg","1670-VG2080001-175H-ND","VG2080001-175H","Vybronics Inc","Vybronics, Inc","VIBRATION LRA MOTOR 175HZ 3.2G","420","9.92","0","1","Tray","VG","Active","DC Motor","Vibration, LRA (Haptic)","-","1.8VAC","-","4.4 / 31.381","-","-","Round - 0.787"" Dia (20.00mm)","-","-","-","Solder Tab","-","-","-","-40°C ~ 85°C","https://www.digikey.ca/en/products/detail/vybronics-inc/VG2080001-175H/24629408"
"https://www.vybronics.com/coin-vibration-motors/lra/v-g2080001h","//mm.digikey.com/Volume0/opasdata/d220001/medias/images/5358/MFG_VG2080001H.jpg","1670-VG2080001H-ND","VG2080001H","Vybronics Inc","Vybronics, Inc","VIBRATION LRA MOTOR 130HZ 1.8G","1,532","10.64","0","1","Tray","VG","Active","AC Motor","Vibration, LRA (Haptic)","-","1.8VAC","-","2.5 / 17.7","-","-","Round - 0.787"" Dia (20.00mm)","-","-","-","Solder Tab","-","-","-","-40°C ~ 85°C","https://www.digikey.ca/en/products/detail/vybronics-inc/VG2080001H/19203009"
"https://www.vybronics.com/wp-content/uploads/datasheet-files/Vybronics-VG2230001H-datasheet.pdf","//mm.digikey.com/Volume0/opasdata/d220001/medias/images/3842/MFG_VG2230001H.jpg","1670-VG2230001H-ND","VG2230001H","Vybronics Inc","Vybronics, Inc","VIBRATION VOICE COIL 70HZ 3.5G","205","11.1","0","1","Tray","-","Active","AC Motor","Vibration, LRA (Haptic)","-","2VAC","-","-","-","-","Round - 0.866"" Dia (22.00mm)","-","-","-","-","-","-","-","-30°C ~ 70°C","https://www.digikey.ca/en/products/detail/vybronics-inc/VG2230001H/16719289"
"https://www.vybronics.com/wp-content/uploads/datasheet-files/Vybronics-VLV221007E-datasheet.pdf","//mm.digikey.com/Volume0/opasdata/d220001/medias/images/5792/MFG_VLV221007E.jpg","1670-VLV221007E-ND","VLV221007E","Vybronics Inc","Vybronics, Inc","VIBRATION LRA MOTOR 230HZ 8.0G","190","12.72","0","1","Tray","-","Obsolete","AC Motor","Vibration, LRA (Haptic)","-","2.3VAC","-","0.111 / 0.785","-","-","Rectangular - 0.394"" x 0.276"" (10.00mm x 7.00mm)","-","-","-","Solder Pad","-","-","-","-20°C ~ 70°C","https://www.digikey.ca/en/products/detail/vybronics-inc/VLV221007E/21800154"
"https://www.vybronics.com/linear-lra-vibration-motors/v-l32158h-l25","//mm.digikey.com/Volume0/opasdata/d220001/medias/images/4274/MFG_VL32158H-L25.jpg","1670-VL32158H-L25-ND","VL32158H-L25","Vybronics Inc","Vybronics, Inc","VIBRATION LRA MOTOR 100HZ 5G","67","9.36","0","1","Tray","-","Active","AC Motor","Vibration, LRA (Haptic)","-","2VAC","-","-","-","-","Rectangular - 0.591"" x 0.315"" (15.00mm x 8.00mm)","-","-","-","Wire Leads","-","-","-","-30°C ~ 70°C","https://www.digikey.ca/en/products/detail/vybronics-inc/VL32158H-L25/16719293"
"https://www.vybronics.com/linear-lra-vibration-motors/v-lv200634a","//mm.digikey.com/Volume0/opasdata/d220001/medias/images/4116/MFG_VLV200634A.jpg","1670-VLV200634A-ND","VLV200634A","Vybronics Inc","Vybronics, Inc","VIBRATION LRA MOTOR 160HZ 2.75G","45","8.24","0","1","Tray","-","Active","AC Motor","Vibration, LRA (Haptic)","-","1.5VAC","-","-","-","-","Rectangular - 0.236"" x 0.135"" (6.00mm x 3.43mm)","-","-","-","Solder Tab","-","-","-","-25°C ~ 70°C","https://www.digikey.ca/en/products/detail/vybronics-inc/VLV200634A/16719294"
"https://www.vybronics.com/linear-lra-vibration-motors/v-lv152564w","//mm.digikey.com/Volume0/opasdata/d220001/medias/images/5351/MFG_VLV152564W.jpg","1670-VLV152564W-ND","VLV152564W","Vybronics Inc","Vybronics, Inc","VIBRATION LRA WIDEBAND 0.93G","31","8.78","0","1","Tray","-","Obsolete","AC Motor","Vibration, LRA (Haptic)","-","1.4VAC","-","1.29 / 9.1","-","-","Rectangular - 0.575"" x 0.252"" (14.60mm x 6.40mm)","-","-","-","Solder Pad","-","-","-","-20°C ~ 70°C","https://www.digikey.ca/en/products/detail/vybronics-inc/VLV152564W/19203005"
"https://www.vybronics.com/wp-content/uploads/datasheet-files/Vybronics-VG0415001W-240H-datasheet.pdf","//mm.digikey.com/Volume0/opasdata/d220001/medias/images/7151/MFG_VG0415001W-240H.jpg","1670-VG0415001W-240H-ND","VG0415001W-240H","Vybronics Inc","Vybronics, Inc","VIBRATION LRA MTR 240 HZ 0.1G","0","7.96","0","1","Tray","-","Active","AC Motor","Vibration, LRA (Haptic)","-","0.4VAC","-","-","-","-","Round - 0.158"" Dia (4.00mm)","-","-","-","Wire Leads","-","-","-","-20°C ~ 70°C","https://www.digikey.ca/en/products/detail/vybronics-inc/VG0415001W-240H/26813190"
"https://www.vybronics.com/coin-vibration-motors/lra/v-g0825001u","//mm.digikey.com/Volume0/opasdata/d220001/medias/images/7981/MFG_VG0825001U.jpg","1670-VG0825001U-ND","VG0825001U","Vybronics Inc","Vybronics, Inc","VIBRATION LRA MOTOR LINEAR 0.6G","0","5.16","0","1","Tray","-","Active","AC Motor","Vibration, LRA (Haptic)","-","1.2VAC","-","0.977 / 6.9","-","-","Round - 0.315"" Dia (8.00mm)","-","-","-","Wire Leads","-","-","-","-20°C ~ 60°C","https://www.digikey.ca/en/products/detail/vybronics-inc/VG0825001U/22514380"
"https://www.vybronics.com/coin-vibration-motors/lra/v-g0825001-2","//mm.digikey.com/Volume0/opasdata/d220001/medias/images/698/MFG_G0825001D.jpg","1670-VG0825001D-ND","VG0825001D","Vybronics Inc","Vybronics, Inc","VIBRATION LRA MOTOR LINEAR 0.6G","0","Obsolete","0","0","Tray","-","Obsolete","AC Motor","Vibration, LRA (Haptic)","-","1.2VAC","-","-","-","-","Round - 0.315"" Dia (8.00mm)","-","-","-","Wire Leads","-","-","-","-20°C ~ 70°C","https://www.digikey.ca/en/products/detail/vybronics-inc/VG0825001D/10285885"
"https://www.vybronics.com/coin-vibration-motors/lra/v-g1040001d","//mm.digikey.com/Volume0/opasdata/d220001/medias/images/333/MFG_G1040001D.jpg","1670-VG1040001D-ND","VG1040001D","Vybronics Inc","Vybronics, Inc","VIBRATION LRA MOTOR 170HZ 1.5G","0","Obsolete","0","0","Tray","-","Obsolete","AC Motor","Vibration, LRA (Haptic)","-","2VAC","-","-","-","-","Round - 0.394"" Dia (10.00mm)","-","-","-","Pressure Contact","-","-","-","-25°C ~ 70°C","https://www.digikey.ca/en/products/detail/vybronics-inc/VG1040001D/10285887"
"https://www.vybronics.com/coin-vibration-motors/lra/v-g0832029d","//mm.digikey.com/Volume0/opasdata/d220001/medias/images/1009/G0832029D.jpg","1670-VG0832029D-ND","VG0832029D","Vybronics Inc","Vybronics, Inc","VIBRATION LRA MOTOR 205HZ 1.4G","0","Obsolete","0","0","Tray","-","Obsolete","AC Motor","Vibration, LRA (Haptic)","-","1.8VAC","-","-","-","-","Round - 0.315"" Dia (8.00mm)","-","-","-","Wire Leads","-","-","-","-20°C ~ 60°C","https://www.digikey.ca/en/products/detail/vybronics-inc/VG0832029D/12323588"
"https://www.vybronics.com/wp-content/uploads/datasheet-files/Vybronics-VLVM061530-Jinlong-LVM061530-datasheet.pdf","//mm.digikey.com/Volume0/opasdata/d220001/medias/images/1183/MFG_LVM061530.jpg","1670-VLVM061530B-ND","VLVM061530B","Vybronics Inc","Vybronics, Inc","VIBRATION LRA MOTOR 2V","0","Obsolete","0","0","Tray","-","Obsolete","AC Motor","Vibration, LRA (Haptic)","-","2VAC","-","-","0.28W","-","Rectangular - 0.236"" x 0.591"" (6.00mm x 15.00mm)","-","-","-","Solder Tab","-","-","-","-20°C ~ 70°C","https://www.digikey.ca/en/products/detail/vybronics-inc/VLVM061530B/6009933"
"https://www.vybronics.com/linear-lra-vibration-motors/v-lvm061930b-l20","//mm.digikey.com/Volume0/opasdata/d220001/medias/images/1284/MFG_LVM061930.jpg","1670-VLVM061930B-L20-ND","VLVM061930B-L20","Vybronics Inc","Vybronics, Inc","VIBRATION LRA MOTOR 2V","0","Obsolete","0","0","Tray","-","Obsolete","AC Motor","Vibration, LRA (Haptic)","-","2VAC","-","-","0.23W","-","Rectangular - 0.236"" x 0.748"" (6.00mm x 19.00mm)","-","-","-","Solder Tab","-","-","-","-20°C ~ 70°C","https://www.digikey.ca/en/products/detail/vybronics-inc/VLVM061930B-L20/6009934"
"https://www.vybronics.com/linear-lra-vibration-motors/v-lv061228b-l65-a","//mm.digikey.com/Volume0/opasdata/d220001/medias/images/2278/MFG_LV061228B.jpg","1670-VLV061228B-L65-A-ND","VLV061228B-L65-A","Vybronics Inc","Vybronics, Inc","VIBRATION LRA MOTOR 2V LINEAR","0","Obsolete","0","0","Tray","-","Obsolete","AC Motor","Vibration, LRA (Haptic)","-","2VAC","-","-","-","-","Rectangular - 0.236"" x 0.472"" (6.00mm x 12.00mm)","-","-","-","Wire Leads","-","-","-","-20°C ~ 70°C","https://www.digikey.ca/en/products/detail/vybronics-inc/VLV061228B-L65-A/7732325"
"//mm.digikey.com/Volume0/opasdata/d220001/medias/docus/4507/intro-to-lra-technology.pdf","//mm.digikey.com/Volume0/opasdata/d220001/medias/images/2217/MFG_G0825001.jpg","1670-VG0825001-ND","VG0825001","Vybronics Inc","Vybronics, Inc","VIBRATION LRA MOTOR 1.8V COIN","0","Obsolete","0","0","Tray","-","Obsolete","AC Motor","Vibration, LRA (Haptic)","-","1.8VAC","-","-","-","-","Round - 0.315"" Dia (8.00mm)","-","-","-","Wire Leads","-","-","-","-20°C ~ 60°C","https://www.digikey.ca/en/products/detail/vybronics-inc/VG0825001/7732326"
"https://www.vybronics.com/linear-lra-vibration-motors/v-lv081230b-l30","//mm.digikey.com/Volume0/opasdata/d220001/medias/images/312/MFG_LV081230B-L30.jpg","1670-VLV081230B-L30-ND","VLV081230B-L30","Vybronics Inc","Vybronics, Inc","VIBRATION LRA MOTOR 2V LINEAR","0","Obsolete","0","0","Tray","-","Obsolete","AC Motor","Vibration, LRA (Haptic)","-","2VAC","-","-","-","-","Rectangular - 0.315"" x 0.472"" (8.00mm x 12.00mm)","-","-","-","Wire Leads","-","-","-","-20°C ~ 70°C","https://www.digikey.ca/en/products/detail/vybronics-inc/VLV081230B-L30/9825386"
"https://www.vybronics.com/coin-vibration-motors/lra/v-g1036002d","//mm.digikey.com/Volume0/opasdata/d220001/medias/images/694/MFG_G1036002D.jpg","1670-VG1036002D-ND","VG1036002D","Vybronics Inc","Vybronics, Inc","VIBRATION LRA MOTOR 2V COIN","0","Obsolete","0","0","Tray","-","Obsolete","AC Motor","Vibration, LRA (Haptic)","-","2VAC","-","-","-","-","Round - 0.394"" Dia (10.00mm)","-","-","-","Wire Leads","-","-","-","-25°C ~ 70°C","https://www.digikey.ca/en/products/detail/vybronics-inc/VG1036002D/9974281"
"https://www.vybronics.com/coin-vibration-motors/lra/v-g1036001d","//mm.digikey.com/Volume0/opasdata/d220001/medias/images/694/MFG_G1036001D.jpg","1670-VG1036001D-ND","VG1036001D","Vybronics Inc","Vybronics, Inc","VIBRATION LRA MOTOR 2V COIN","0","Obsolete","0","0","Tray","-","Obsolete","AC Motor","Vibration, LRA (Haptic)","-","2VAC","-","-","-","-","Round - 0.394"" Dia (10.00mm)","-","-","-","Wire Leads","-","-","-","-25°C ~ 70°C","https://www.digikey.ca/en/products/detail/vybronics-inc/VG1036001D/9974282"
